study	cell_type	qtl_group	tissue_ontology_id	tissue_ontology_term
BLUEPRINT	monocyte	monocyte	CL_0002057	"CD14-positive, CD16-negative classical monocyte"
BLUEPRINT	neutrophil	neutrophil	CL_0000775	neutrophil
BLUEPRINT	T-cell	T-cell	CL_0000624	"CD4-positive, alpha-beta T cell"
CEDAR	T-cell	T-cell_CD8	CL_0000625	"CD8-positive, alpha-beta T cell"
CEDAR	T-cell	T-cell_CD4	CL_0000624	"CD4-positive, alpha-beta T cell"
CEDAR	transverse_colon	transverse_colon	UBERON_0001157	transverse colon
CEDAR	monocyte	monocyte_CD14	CL_0002057	"CD14-positive, CD16-negative classical monocyte"
CEDAR	neutrophil	neutrophil_CD15	CL_0000775	neutrophil
CEDAR	platelet	platelet	CL_0000233	platelet
CEDAR	rectum	rectum	UBERON_0001052	rectum
CEDAR	B-cell	B-cell_CD19	CL_0000236	B cell
CEDAR	ileum	ileum	UBERON_0002116	ileum
Fairfax_2014	monocyte	monocyte_naive	CL_0002057	"CD14-positive, CD16-negative classical monocyte"
Fairfax_2014	monocyte	monocyte_IFN24	CL_0002057	"CD14-positive, CD16-negative classical monocyte"
Fairfax_2014	monocyte	monocyte_LPS2	CL_0002057	"CD14-positive, CD16-negative classical monocyte"
Fairfax_2014	monocyte	monocyte_LPS24	CL_0002057	"CD14-positive, CD16-negative classical monocyte"
GENCORD	LCL	LCL	EFO_0005292	lymphoblastoid cell line
GENCORD	fibroblast	fibroblast	CL_0000057	fibroblast
GENCORD	T-cell	T-cell	CL_0000084	T cell
GEUVADIS	LCL	LCL	EFO_0005292	lymphoblastoid cell line
TwinsUK	fat	fat	UBERON_0001013	adipose tissue
TwinsUK	LCL	LCL	EFO_0005292	lymphoblastoid cell line
TwinsUK	skin	skin	UBERON_0002097	skin of body
TwinsUK	blood	blood	UBERON_0000178	blood
Alasoo_2018	macrophage	macrophage_naive	CL_0000235	macrophage
Alasoo_2018	macrophage	macrophage_IFNg	CL_0000235	macrophage
Alasoo_2018	macrophage	macrophage_Salmonella	CL_0000235	macrophage
Alasoo_2018	macrophage	macrophage_IFNg+Salmonella	CL_0000235	macrophage
Nedelec_2016	macrophage	macrophage_Listeria	CL_0000235	macrophage
Nedelec_2016	macrophage	macrophage_naive	CL_0000235	macrophage
Nedelec_2016	macrophage	macrophage_Salmonella	CL_0000235	macrophage
Quach_2016	monocyte	monocyte_naive	CL_0002057	"CD14-positive, CD16-negative classical monocyte"
Quach_2016	monocyte	monocyte_LPS	CL_0002057	"CD14-positive, CD16-negative classical monocyte"
Quach_2016	monocyte	monocyte_Pam3CSK4	CL_0002057	"CD14-positive, CD16-negative classical monocyte"
Quach_2016	monocyte	monocyte_R848	CL_0002057	"CD14-positive, CD16-negative classical monocyte"
Quach_2016	monocyte	monocyte_IAV	CL_0002057	"CD14-positive, CD16-negative classical monocyte"
Fairfax_2012	B-cell	B-cell_CD19	CL_0000236	B cell
Schwartzentruber_2018	sensory_neuron	sensory_neuron	CL_0000101	sensory neuron
van_de_Bunt_2015	pancreatic_islet	pancreatic_islet	UBERON_0000006	islet of Langerhans
HipSci	iPSC	iPSC	EFO_0004905	induced pluripotent stem cell
Naranbhai_2015	neutrophil	neutrophil_CD16	CL_0000775	neutrophil
Kasela_2017	T-cell	T-cell_CD4	CL_0000624	"CD4-positive, alpha-beta T cell"
Kasela_2017	T-cell	T-cell_CD8	CL_0000625	"CD8-positive, alpha-beta T cell"
Ye_2018	dendritic_cell	dendritic_cell_naive	CL_0000451	dendritic cell
Ye_2018	dendritic_cell	dendritic_cell_IFN	CL_0000451	dendritic cell
Ye_2018	dendritic_cell	dendritic_cell_FLU	CL_0000451	dendritic cell
Raj_2014	monocyte	monocyte_CD14	CL_0002057	"CD14-positive, CD16-negative classical monocyte"
Raj_2014	T-cell	T-cell_CD4	CL_0000624	"CD4-positive, alpha-beta T cell"
Schmiedel_2018	Tfh	Tfh_memory	CL_0002038	T follicular helper cell
Schmiedel_2018	Th17	Th17_memory	CL_0000899	T-helper 17 cell
Schmiedel_2018	Th1	Th1_memory	CL_0000545	T-helper 1 cell
Schmiedel_2018	Th2	Th2_memory	CL_0000546	T-helper 2 cell
Schmiedel_2018	Th1-17	Th1-17_memory	CL_0000899	T-helper 17 cell
Schmiedel_2018	Treg	Treg_memory	CL_0002678	memory regulatory T cell
Schmiedel_2018	Treg	Treg_naive	CL_0002677	naive regulatory T cell
Schmiedel_2018	B-cell	B-cell_naive	CL_0000236	B cell
Schmiedel_2018	CD4_T-cell	CD4_T-cell_naive	CL_0000624	"CD4-positive, alpha-beta T cell"
Schmiedel_2018	CD4_T-cell	CD4_T-cell_anti-CD3-CD28	CL_0000624	"CD4-positive, alpha-beta T cell"
Schmiedel_2018	CD8_T-cell	CD8_T-cell_naive	CL_0000625	"CD8-positive, alpha-beta T cell"
Schmiedel_2018	CD8_T-cell	CD8_T-cell_anti-CD3-CD28	CL_0000625	"CD8-positive, alpha-beta T cell"
Schmiedel_2018	monocyte_CD16	monocyte_CD16_naive	CL_0002396	"CD14-low, CD16-positive monocyte"
Schmiedel_2018	monocyte	monocyte_naive	CL_0002057	"CD14-positive, CD16-negative classical monocyte"
Schmiedel_2018	NK-cell	NK-cell_naive	CL_0000623	natural killer cell
ROSMAP	brain	brain_naive	UBERON_0009834	dorsolateral prefrontal cortex
BrainSeq	brain	brain	UBERON_0009834	dorsolateral prefrontal cortex
Lepik_2017	blood	blood	UBERON_0000178	blood
FUSION	muscle	muscle_naive	UBERON_0001134	skeletal muscle tissue
FUSION	adipose	adipose_naive	UBERON_0001013	adipose tissue
GTEx	adipose_subcutaneous	adipose_subcutaneous	UBERON_0001013	adipose tissue
GTEx	LCL	LCL	EFO_0005292	lymphoblastoid cell line
GTEx	blood	blood	UBERON_0000178	blood
GTEx	fibroblast	fibroblast	CL_0000057	fibroblast
GTEx	muscle	muscle	UBERON_0001134	skeletal muscle tissue
GTEx	skin_sun_exposed	skin_sun_exposed	UBERON_0002097	skin of body
GTEx	brain_frontal_cortex	brain_frontal_cortex	UBERON_0009834	dorsolateral prefrontal cortex
GTEx	adipose_visceral	adipose_visceral	UBERON_0010414	omental fat pad
GTEx	adrenal_gland	adrenal_gland	UBERON_0002369	adrenal gland
GTEx	artery_aorta	artery_aorta	UBERON_0001496	ascending aorta
GTEx	artery_coronary	artery_coronary	UBERON_0001621	coronary artery
GTEx	artery_tibial	artery_tibial	UBERON_0007610	tibial artery
GTEx	brain_amygdala	brain_amygdala	UBERON_0001876	amygdala
GTEx	brain_anterior_cingulate_cortex	brain_anterior_cingulate_cortex	UBERON_0009835	anterior cingulate cortex
GTEx	brain_caudate	brain_caudate	UBERON_0001873	caudate nucleus
GTEx	brain_cerebellar_hemisphere	brain_cerebellar_hemisphere	UBERON_0002037	cerebellum
GTEx	brain_cerebellum	brain_cerebellum	UBERON_0002037	cerebellum
GTEx	brain_cortex	brain_cortex	UBERON_0001870	frontal cortex
GTEx	brain_hippocampus	brain_hippocampus	UBERON_0001954	"Ammon's horn"
GTEx	brain_hypothalamus	brain_hypothalamus	UBERON_0001898	hypothalamus
GTEx	brain_nucleus_accumbens	brain_nucleus_accumbens	UBERON_0001882	nucleus accumbens
GTEx	brain_putamen	brain_putamen	UBERON_0001874	putamen
GTEx	brain_spinal_cord	brain_spinal_cord	UBERON_0006469	C1 segment of cervical spinal cord
GTEx	brain_substantia_nigra	brain_substantia_nigra	UBERON_0002038	substantia nigra
GTEx	breast	breast	UBERON_0008367	breast epithelium
GTEx	colon_sigmoid	colon_sigmoid	UBERON_0001159	sigmoid colon
GTEx	colon_transverse	colon_transverse	UBERON_0001157	transverse colon
GTEx	esophagus_gej	esophagus_gej	UBERON_0004550	gastroesophageal sphincter
GTEx	esophagus_mucosa	esophagus_mucosa	UBERON_0006920	esophagus squamous epithelium
GTEx	esophagus_muscularis	esophagus_muscularis	UBERON_0004648	esophagus muscularis mucosa
GTEx	heart_atrial_appendage	heart_atrial_appendage	UBERON_0006631	right atrium auricular region
GTEx	heart_left_ventricle	heart_left_ventricle	UBERON_0006566	left ventricle myocardium
GTEx	kidney_cortex	kidney_cortex	UBERON_0001225	cortex of kidney
GTEx	liver	liver	UBERON_0001114	right lobe of liver
GTEx	lung	lung	UBERON_0008952	upper lobe of left lung
GTEx	minor_salivary_gland	minor_salivary_gland	UBERON_0006330	anterior lingual gland
GTEx	nerve_tibial	nerve_tibial	UBERON_0001323	tibial nerve
GTEx	ovary	ovary	UBERON_0000992	female gonad
GTEx	pancreas	pancreas	UBERON_0001150	body of pancreas
GTEx	pituitary	pituitary	UBERON_0000007	pituitary gland
GTEx	prostate	prostate	UBERON_0002367	prostate gland
GTEx	skin_not_sun_exposed	skin_not_sun_exposed	UBERON_0036149	suprapubic skin
GTEx	small_intestine	small_intestine	UBERON_0001211	"Peyer's patch"
GTEx	spleen	spleen	UBERON_0002106	spleen
GTEx	stomach	stomach	UBERON_0000945	stomach
GTEx	testis	testis	UBERON_0000473	testis
GTEx	thyroid	thyroid	UBERON_0002046	thyroid gland
GTEx	uterus	uterus	UBERON_0000995	uterus
GTEx	vagina	vagina	UBERON_0000996	vagina
Braineac2	putamen	putamen	UBERON_0001874	putamen
Braineac2	substantia_nigra	substantia_nigra	UBERON_0002038	substantia nigra
Peng_2018	placenta	placenta_naive	UBERON_0001987	placenta
PhLiPS	iPSC	iPSC	EFO_0004905	induced pluripotent stem cell
PhLiPS	HLC	HLC	CL_0000182	hepatocyte
Young_2019	microglia	microglia_naive	CL_0000129	microglial cell
CAP	LCL	LCL_naive	EFO_0005292	lymphoblastoid cell line
CAP	LCL	LCL_statin	EFO_0005292	lymphoblastoid cell line
CommonMind	DLPFC	DLPFC_naive	UBERON_0009834	dorsolateral prefrontal cortex
iPSCORE	iPSC	iPSC	EFO_0004905	induced pluripotent stem cell
Steinberg_2020	synovium	synovium_naive	UBERON_0007616	layer of synovial tissue
Steinberg_2020	low_grade_cartilage	low_grade_cartilage_naive	UBERON_0002418	cartilage tissue
Steinberg_2020	high_grade_cartilage	high_grade_cartilage_naive	UBERON_0002418	cartilage tissue
Gilchrist_2021	NK-cell	NK-cell_naive	CL_0000623	natural killer cell
Bossini-Castillo_2019	Treg	Treg_naive	CL_0002677	naive regulatory T cell
PISA	pancreatic_islet	pancreatic_islet	UBERON_0000006	islet of Langerhans
Walker_2019	Neocortex	Neocortex	UBERON_0001950	neocortex
Aygun_2021	Neuron	Neuron	CL_0000540	neuron
Aygun_2021	Progenitor	Progenitor	CL_0011020	neural progenitor cell
Sun_2018	plasma	plasma	UBERON_0001969	blood plasma
Randolph_2021	B	B_NI	CL_0000236	B cell
Randolph_2021	B	B_flu	CL_0000236	B cell
Randolph_2021	CD4_T	CD4_T_NI	CL_0000624	"CD4-positive, alpha-beta T cell"
Randolph_2021	CD4_T	CD4_T_flu	CL_0000624	"CD4-positive, alpha-beta T cell"
Randolph_2021	CD8_T	CD8_T_NI	CL_0000625	"CD8-positive, alpha-beta T cell"
Randolph_2021	CD8_T	CD8_T_flu	CL_0000625	"CD8-positive, alpha-beta T cell"
Randolph_2021	NK	NK_NI	CL_0000623	natural killer cell
Randolph_2021	NK	NK_flu	CL_0000623	natural killer cell
Randolph_2021	highly_infected	highly_infected_flu	CL_0002057	"CD14-positive, CD16-negative classical monocyte"
Randolph_2021	infected_monocytes	infected_monocytes_flu	CL_0002057	"CD14-positive, CD16-negative classical monocyte"
Randolph_2021	monocytes	monocytes_NI	CL_0002057	"CD14-positive, CD16-negative classical monocyte"
Randolph_2021	monocytes	monocytes_flu	CL_0002057	"CD14-positive, CD16-negative classical monocyte"
Perez_2022	B	B	CL_0000236	B cell
Perez_2022	NK	NK	CL_0000623	natural killer cell
Perez_2022	Prolif	Prolif	CL_0000623	natural killer cell
Perez_2022	T4	T4	CL_0000624	"CD4-positive, alpha-beta T cell"
Perez_2022	T8	T8	CL_0000625	"CD8-positive, alpha-beta T cell"
Perez_2022	cDC	cDC	CL_0000451	dendritic cell
Perez_2022	cM	cM	CL_0002057	"CD14-positive, CD16-negative classical monocyte"
Perez_2022	ncM	ncM	CL_0002396	"CD14-low, CD16-positive monocyte"
Perez_2022	pDC	pDC	CL_0000784	plasmacytoid dendritic cell
OneK1K	B_intermediate	B_intermediate	CL_0000236	B cell
OneK1K	B_memory	B_memory	CL_0000787	memory B cell
OneK1K	B_naive	B_naive	CL_0000236	B cell
OneK1K	CD14_Mono	CD14_Mono	CL_0002057	"CD14-positive, CD16-negative classical monocyte"
OneK1K	CD16_Mono	CD16_Mono	CL_0002396	"CD14-low, CD16-positive monocyte"
OneK1K	CD4_CTL	CD4_CTL	CL_0000934	"CD4-positive, alpha-beta cytotoxic T cell"
OneK1K	CD4_Naive	CD4_Naive	CL_0000624	"CD4-positive, alpha-beta T cell"
OneK1K	CD4_TCM	CD4_TCM	CL_0000904	"central memory CD4-positive, alpha-beta T cell"
OneK1K	CD4_TEM	CD4_TEM	CL_0000905	"effector memory CD4-positive, alpha-beta T cell"
OneK1K	CD8_Naive	CD8_Naive	CL_0000625	"CD8-positive, alpha-beta T cell"
OneK1K	CD8_TCM	CD8_TCM	CL_0000907	"central memory CD8-positive, alpha-beta T cell"
OneK1K	CD8_TEM	CD8_TEM	CL_0000913	"effector memory CD8-positive, alpha-beta T cell"
OneK1K	HSPC	HSPC	CL_0008001	hematopoietic precursor cell
OneK1K	MAIT	MAIT	CL_0000940	mucosal invariant T cell
OneK1K	NK	NK	CL_0000623	natural killer cell
OneK1K	NK_CD56bright	NK_CD56bright	CL_0000938	"CD16-negative, CD56-bright natural killer cell"
OneK1K	NK_Proliferating	NK_Proliferating	CL_0000623	natural killer cell
OneK1K	Plasmablast	Plasmablast	CL_0000980	plasmablast
OneK1K	Platelet	Platelet	CL_0000233	platelet
OneK1K	Treg	Treg	CL_0002677	naive regulatory T cell
OneK1K	cDC2	cDC2	CL_0000451	dendritic cell
OneK1K	dnT	dnT	CL_0002489	double negative thymocyte
OneK1K	gdT	gdT	CL_0000798	gamma-delta T cell
OneK1K	pDC	pDC	CL_0000784	plasmacytoid dendritic cell
FreshMicro	microglia	microglia	CL_0000129	microglial cell
Kim-Hellmuth_2017	monocyte	monocyte_naive	CL_0002057	"CD14-positive, CD16-negative classical monocyte"
Kim-Hellmuth_2017	monocyte	monocyte_IVT_6h	CL_0002057	"CD14-positive, CD16-negative classical monocyte"
Kim-Hellmuth_2017	monocyte	monocyte_IVT_90min	CL_0002057	"CD14-positive, CD16-negative classical monocyte"
Kim-Hellmuth_2017	monocyte	monocyte_LPS_6h	CL_0002057	"CD14-positive, CD16-negative classical monocyte"
Kim-Hellmuth_2017	monocyte	monocyte_LPS_90min	CL_0002057	"CD14-positive, CD16-negative classical monocyte"
Kim-Hellmuth_2017	monocyte	monocyte_MDP_6h	CL_0002057	"CD14-positive, CD16-negative classical monocyte"
Kim-Hellmuth_2017	monocyte	monocyte_MDP_90min	CL_0002057	"CD14-positive, CD16-negative classical monocyte"
Jerber_2021	neuroblast	NB_Naive_D11	BTO_0000930	neuroblast
Jerber_2021	neuron	U_Neur1_ROT_D52	CL_0000540	neuron
Jerber_2021	proliferating floor plate progenitors	P_FPP_ROT_D52	UBERON_0003079	floor plate
Jerber_2021	dopaminergic neuron	DA_ROT_D52	CL_0000700	dopaminergic neuron
Jerber_2021	ependymal cell	Epen1_ROT_D52	CL_0000065	ependymal cell
Jerber_2021	proliferating floor plate progenitors	P_FPP_Naive_D30	UBERON_0003079	floor plate
Jerber_2021	neuron	U_Neur1_Naive_D30	CL_0000540	neuron
Jerber_2021	floor plate progenitors	FPP_Naive_D11	UBERON_0003079	floor plate
Jerber_2021	floor plate progenitors	FPP_Naive_D30	UBERON_0003079	floor plate
Jerber_2021	serotonergic neuron	P_Sert_Naive_D52	CL_0000850	serotonergic neuron
Jerber_2021	astrocyte	Astro_Naive_D52	CL_0000127	astrocyte
Jerber_2021	ependymal cell	Epen2_Naive_D52	CL_0000065	ependymal cell
Jerber_2021	floor plate progenitors	FPP_Naive_D52	UBERON_0003079	floor plate
Jerber_2021	serotonergic neuron	Sert_Naive_D52	CL_0000850	serotonergic neuron
Jerber_2021	proliferating floor plate progenitors	P_FPP_Naive_D11	UBERON_0003079	floor plate
Jerber_2021	astrocyte	Astro_ROT_D52	CL_0000127	astrocyte
Jerber_2021	floor plate progenitors	FPP_ROT_D52	UBERON_0003079	floor plate
Jerber_2021	neuron	U_Neur3_ROT_D52	CL_0000540	neuron
Jerber_2021	serotonergic neuron	Sert_ROT_D52	CL_0000850	serotonergic neuron
Jerber_2021	ependymal cell	Epen1_Naive_D30	CL_0000065	ependymal cell
Jerber_2021	proliferating floor plate progenitors	P_FPP_Naive_D52	UBERON_0003079	floor plate
Jerber_2021	serotonergic neuron	Sert_Naive_D30	CL_0000850	serotonergic neuron
Jerber_2021	neuron	U_Neur1_Naive_D52	CL_0000540	neuron
Jerber_2021	ependymal cell	Epen2_ROT_D52	CL_0000065	ependymal cell
Jerber_2021	neuron	U_Neur2_Naive_D30	CL_0000540	neuron
Jerber_2021	serotonergic neuron	P_Sert_ROT_D52	CL_0000850	serotonergic neuron
Jerber_2021	neuron	U_Neur3_Naive_D52	CL_0000540	neuron
Jerber_2021	dopaminergic neuron	DA_Naive_D30	CL_0000700	dopaminergic neuron
Jerber_2021	ependymal cell	Epen1_Naive_D52	CL_0000065	ependymal cell
Jerber_2021	dopaminergic neuron	DA_Naive_D52	CL_0000700	dopaminergic neuron
Cytoimmgen	CD4_Naive	combined_CD4_Naive_UNS_16H	CL_0000624	"CD4-positive, alpha-beta T cell"
Cytoimmgen	CD4_Naive	combined_CD4_Naive_STIM_40H	CL_0000624	"CD4-positive, alpha-beta T cell"
Cytoimmgen	CD4_Memory	combined_CD4_Memory_STIM_40H	CL_0000897	"CD4-positive, alpha-beta memory T cell"
Cytoimmgen	CD4_Memory	combined_CD4_Memory_STIM_5D	CL_0000897	"CD4-positive, alpha-beta memory T cell"
Cytoimmgen	CD4_Naive	combined_CD4_Naive_STIM_16H	CL_0000624	"CD4-positive, alpha-beta T cell"
Cytoimmgen	CD4_Memory	combined_CD4_Memory_UNS_16H	CL_0000897	"CD4-positive, alpha-beta memory T cell"
Cytoimmgen	CD4_Memory	combined_CD4_Memory_STIM_16H	CL_0000897	"CD4-positive, alpha-beta memory T cell"
Cytoimmgen	CD4_Naive	combined_CD4_Naive_STIM_5D	CL_0000624	"CD4-positive, alpha-beta T cell"
Cytoimmgen	TN1	TN1_UNS_16H	CL_0000624	"CD4-positive, alpha-beta T cell"
Cytoimmgen	TEM	TEM_STIM_16H	CL_0000624	"CD4-positive, alpha-beta T cell"
Cytoimmgen	TEMRA	TEMRA_STIM_5D	CL_0000624	"CD4-positive, alpha-beta T cell"
Cytoimmgen	TN_IFN_Lowly_Active	TN_IFN_Lowly_Active_STIM_40H	CL_0000624	"CD4-positive, alpha-beta T cell"
Cytoimmgen	TEM	TEM_STIM_5D	CL_0000624	"CD4-positive, alpha-beta T cell"
Cytoimmgen	TN2	TN2_Lowly_Active_STIM_16H	CL_0000624	"CD4-positive, alpha-beta T cell"
Cytoimmgen	nTreg	nTreg_STIM_40H	CL_0000624	"CD4-positive, alpha-beta T cell"
Cytoimmgen	TEM	TEM_STIM_40H	CL_0000624	"CD4-positive, alpha-beta T cell"
Cytoimmgen	TCM1_Lowly_Active	TCM1_Lowly_Active_STIM_40H	CL_0000624	"CD4-positive, alpha-beta T cell"
Cytoimmgen	TN	TN_STIM_5D	CL_0000624	"CD4-positive, alpha-beta T cell"
Cytoimmgen	TCM	TCM_UNS_16H	CL_0000624	"CD4-positive, alpha-beta T cell"
Cytoimmgen	TCM	TCM_STIM_40H	CL_0000624	"CD4-positive, alpha-beta T cell"
Cytoimmgen	TEM_HLA+	TEM_HLA+_STIM_40H	CL_0000624	"CD4-positive, alpha-beta T cell"
Cytoimmgen	TN_A	TN_A_STIM_40H	CL_0000624	"CD4-positive, alpha-beta T cell"
Cytoimmgen	TN_HSP	TN_HSP_STIM_5D	CL_0000624	"CD4-positive, alpha-beta T cell"
Cytoimmgen	TN_A	TN_A_STIM_16H	CL_0000624	"CD4-positive, alpha-beta T cell"
Cytoimmgen	T_NFKB	T_NFKB_STIM_16H	CL_0000624	"CD4-positive, alpha-beta T cell"
Cytoimmgen	TN3	TN3_UNS_16H	CL_0000624	"CD4-positive, alpha-beta T cell"
Cytoimmgen	TCM1_Lowly_Active	TCM1_Lowly_Active_STIM_16H	CL_0000624	"CD4-positive, alpha-beta T cell"
Cytoimmgen	TCM	TCM_STIM_5D	CL_0000624	"CD4-positive, alpha-beta T cell"
Cytoimmgen	TN_NFKB	TN_NFKB_STIM_5D	CL_0000624	"CD4-positive, alpha-beta T cell"
Cytoimmgen	TN_B	TN_B_STIM_16H	CL_0000624	"CD4-positive, alpha-beta T cell"
Cytoimmgen	TEMRA	TEMRA_UNS_16H	CL_0000624	"CD4-positive, alpha-beta T cell"
Cytoimmgen	TN2	TN2_UNS_16H	CL_0000624	"CD4-positive, alpha-beta T cell"
Cytoimmgen	nTreg	nTreg_STIM_16H	CL_0000624	"CD4-positive, alpha-beta T cell"
Cytoimmgen	TN1_Lowly_Active	TN1_Lowly_Active_STIM_40H	CL_0000624	"CD4-positive, alpha-beta T cell"
Cytoimmgen	TN2	TN2_STIM_16H	CL_0000624	"CD4-positive, alpha-beta T cell"
Cytoimmgen	TEM_Lowly_Active	TEM_Lowly_Active_STIM_40H	CL_0000624	"CD4-positive, alpha-beta T cell"
Cytoimmgen	TN3_Lowly_Active	TN3_Lowly_Active_STIM_16H	CL_0000624	"CD4-positive, alpha-beta T cell"
Cytoimmgen	TCM	TCM_STIM_16H	CL_0000624	"CD4-positive, alpha-beta T cell"
Cytoimmgen	TN_cycling	TN_cycling_STIM_5D	CL_0000624	"CD4-positive, alpha-beta T cell"
Cytoimmgen	TN_IFN	TN_IFN_STIM_5D	CL_0000624	"CD4-positive, alpha-beta T cell"
Cytoimmgen	TM_cycling	TM_cycling_STIM_5D	CL_0000624	"CD4-positive, alpha-beta T cell"
Cytoimmgen	TEM_HLA+	TEM_HLA+_STIM_5D	CL_0000624	"CD4-positive, alpha-beta T cell"
Cytoimmgen	TEMRA	TEMRA_STIM_16H	CL_0000624	"CD4-positive, alpha-beta T cell"
Cytoimmgen	TM_ER-stress	TM_ER-stress_STIM_40H	CL_0000624	"CD4-positive, alpha-beta T cell"
Cytoimmgen	TN1	TN1_STIM_40H	CL_0000624	"CD4-positive, alpha-beta T cell"
Cytoimmgen	TEM	TEM_UNS_16H	CL_0000624	"CD4-positive, alpha-beta T cell"
Cytoimmgen	TN2	TN2_STIM_40H	CL_0000624	"CD4-positive, alpha-beta T cell"
Cytoimmgen	TEMRA_Lowly_Active	TEMRA_Lowly_Active_STIM_16H	CL_0000624	"CD4-positive, alpha-beta T cell"
Cytoimmgen	TN_IFN	TN_IFN_STIM_40H	CL_0000624	"CD4-positive, alpha-beta T cell"
Cytoimmgen	TN_cycling	TN_cycling_STIM_40H	CL_0000624	"CD4-positive, alpha-beta T cell"
Cytoimmgen	TN_NFKB	TN_NFKB_STIM_40H	CL_0000624	"CD4-positive, alpha-beta T cell"
Cytoimmgen	TCM2_Lowly_Active	TCM2_Lowly_Active_STIM_16H	CL_0000624	"CD4-positive, alpha-beta T cell"
Cytoimmgen	TN_C	TN_C_STIM_16H	CL_0000624	"CD4-positive, alpha-beta T cell"
Cytoimmgen	TEM_Lowly	TEM_Lowly_Active_STIM_16H	CL_0000624	"CD4-positive, alpha-beta T cell"
Cytoimmgen	T_ER-stress	T_ER-stress_STIM_5D	CL_0000624	"CD4-positive, alpha-beta T cell"
Cytoimmgen	TCM2_Lowly_Active	TCM2_Lowly_Active_STIM_40H	CL_0000624	"CD4-positive, alpha-beta T cell"
Cytoimmgen	TN_IFN	TN_IFN_STIM_16H	CL_0000624	"CD4-positive, alpha-beta T cell"
Cytoimmgen	HSP	HSP_STIM_16H	CL_0000624	"CD4-positive, alpha-beta T cell"
Cytoimmgen	nTreg	nTreg_UNS_16H	CL_0000624	"CD4-positive, alpha-beta T cell"
Cytoimmgen	TN_IFN_Lowly_Active	TN_IFN_Lowly_Active_STIM_16H	CL_0000624	"CD4-positive, alpha-beta T cell"
Cytoimmgen	TN-TCM_CXCR4+	TN-TCM_CXCR4+_STIM_40H	CL_0000624	"CD4-positive, alpha-beta T cell"
Cytoimmgen	TEMRA	TEMRA_STIM_40H	CL_0000624	"CD4-positive, alpha-beta T cell"
Cytoimmgen	TN1	TN1_Lowly_Active_STIM_16H	CL_0000624	"CD4-positive, alpha-beta T cell"
Nathan_2022	CD4+_CCR4+ICOS+_central	CD4+_CCR4+ICOS+_central	CL_0000624	"CD4-positive, alpha-beta T cell"
Nathan_2022	CD4+_central	CD4+_central	CL_0000624	"CD4-positive, alpha-beta T cell"
Nathan_2022	CD4+_CCR5+_cytotoxic	CD4+_CCR5+_cytotoxic	CL_0000624	"CD4-positive, alpha-beta T cell"
Nathan_2022	CD4+_CD161+_cytotoxic	CD4+_CD161+_cytotoxic	CL_0000624	"CD4-positive, alpha-beta T cell"
Nathan_2022	CD8+_GZMK+	CD8+_GZMK+	CL_0000624	"CD4-positive, alpha-beta T cell"
Nathan_2022	CD8+_GZMB+	CD8+_GZMB+	CL_0000624	"CD4-positive, alpha-beta T cell"
Nathan_2022	CD4+_activated	CD4+_activated	CL_0000624	"CD4-positive, alpha-beta T cell"
Nathan_2022	Vd2	Vd2	CL_0000624	"CD4-positive, alpha-beta T cell"
Nathan_2022	CD4+_CD161+_Th2	CD4+_CD161+_Th2	CL_0000624	"CD4-positive, alpha-beta T cell"
Nathan_2022	CD4-8+_PD-1+TIGIT+	CD4-8+_PD-1+TIGIT+	CL_0000624	"CD4-positive, alpha-beta T cell"
Nathan_2022	Vd1	Vd1	CL_0000624	"CD4-positive, alpha-beta T cell"
Nathan_2022	CD8+_central	CD8+_central	CL_0000624	"CD4-positive, alpha-beta T cell"
Nathan_2022	CD4+_CD161+_Th1	CD4+_CD161+_Th1	CL_0000624	"CD4-positive, alpha-beta T cell"
Nathan_2022	CD4+_Th17-1	CD4+_Th17-1	CL_0000624	"CD4-positive, alpha-beta T cell"
Nathan_2022	CD4+_HLA-DR+	CD4+_HLA-DR+	CL_0000624	"CD4-positive, alpha-beta T cell"
Nathan_2022	CD4+_CCR4+_central	CD4+_CCR4+_central	CL_0000624	"CD4-positive, alpha-beta T cell"
Nathan_2022	CD8+_CXCR3+	CD8+_CXCR3+	CL_0000624	"CD4-positive, alpha-beta T cell"
Nathan_2022	CD4+_Th2	CD4+_Th2	CL_0000624	"CD4-positive, alpha-beta T cell"
Nathan_2022	CD4+_CCR4+	CD4+_CCR4+	CL_0000624	"CD4-positive, alpha-beta T cell"
Nathan_2022	CD4+_CD38+ICOS+_central	CD4+_CD38+ICOS+_central	CL_0000624	"CD4-positive, alpha-beta T cell"
Nathan_2022	CD4+_cytotoxic	CD4+_cytotoxic	CL_0000624	"CD4-positive, alpha-beta T cell"
Nathan_2022	CD4+_CD27+CD161+	CD4+_CD27+CD161+	CL_0000624	"CD4-positive, alpha-beta T cell"
Nathan_2022	CD4+_RORC+_Treg	CD4+_RORC+_Treg	CL_0000624	"CD4-positive, alpha-beta T cell"
Nathan_2022	CD4+_Th1	CD4+_Th1	CL_0000624	"CD4-positive, alpha-beta T cell"
Nathan_2022	CD8+_activated	CD8+_activated	CL_0000624	"CD4-positive, alpha-beta T cell"
Nathan_2022	CD4+_CD27+	CD4+_CD27+	CL_0000624	"CD4-positive, alpha-beta T cell"
Nathan_2022	CD4+_lncRNA	CD4+_lncRNA	CL_0000624	"CD4-positive, alpha-beta T cell"
Nathan_2022	CD4+_Treg	CD4+_Treg	CL_0000624	"CD4-positive, alpha-beta T cell"
Nathan_2022	CD4+_Th17	CD4+_Th17	CL_0000624	"CD4-positive, alpha-beta T cell"
MAGE	LCL	LCL	EFO_0005292	lymphoblastoid cell line
DICE	CD4_Naive	CD4_Naive	CL_0000624	"CD4-positive, alpha-beta T cell"
DICE	Tfh_memory	TFH	CL_0002038	"T follicular helper cell"
DICE	Th1_memory	TH1	CL_0000545	"T-helper 1 cell"
DICE	Th1,17_memory	TH1,17	CL_0000899	"T-helper 17 cell"
DICE	Th17_memory	TH17	CL_0000899	"T-helper 17 cell"
DICE	Th2_memory	TH2	CL_0000546	"T-helper 2 cell"
DICE	Treg_memory	Treg_Mem	CL_0002678	"memory regulatory T cell"
DICE	Treg_naive	Treg_Naive	CL_0002677	"naive regulatory T cell"
DICE_reannotated	regulatory_T_cell	Regulatory_T_cells	CL_0000815	"regulatory T cell"
DICE_reannotated	T_cell	T_agonist_	CL_0000084	"T cell"
DICE_reannotated	CD4+_TCM	Tcm_Naive_helper_T_cells	CL_0000904	"central memory CD4-positive, alpha-beta T cell"
DICE_reannotated	CD4+_TEM	Tem_Effector_helper_T_cells	CL_0000905	"effector memory CD4-positive, alpha-beta T cell"
DICE_reannotated	CD8+_TEM	Tem_Trm_cytotoxic_T_cells	CL_0000913	"effector memory CD8-positive, alpha-beta T cell"
DICE_reannotated	Th17_memory	Type_17_helper_T_cells	CL_0000899	"T-helper 17 cell"
Nassiri_2025	monocyte	monocyte_naive	CL_0002057	"CD14-positive, CD16-negative classical monocyte"
Nassiri_2025	monocyte	monocyte_IFN	CL_0002057	"CD14-positive, CD16-negative classical monocyte"
Nassiri_2025	monocyte	monocyte_LPS24	CL_0002057	"CD14-positive, CD16-negative classical monocyte"
Nassiri_2025	monocyte	monocyte_MET1m	CL_0002057	"CD14-positive, CD16-negative classical monocyte"
MacroMap	macrophage	CIL_24	CL_0000235	macrophage
MacroMap	macrophage	CIL_6	CL_0000235	macrophage
MacroMap	macrophage	Ctrl_24	CL_0000235	macrophage
MacroMap	macrophage	Ctrl_6	CL_0000235	macrophage
MacroMap	macrophage	IFNB_24	CL_0000235	macrophage
MacroMap	macrophage	IFNB_6	CL_0000235	macrophage
MacroMap	macrophage	IFNG_24	CL_0000235	macrophage
MacroMap	macrophage	IFNG_6	CL_0000235	macrophage
MacroMap	macrophage	IL4_24	CL_0000235	macrophage
MacroMap	macrophage	IL4_6	CL_0000235	macrophage
MacroMap	macrophage	LIL10_24	CL_0000235	macrophage
MacroMap	macrophage	LIL10_6	CL_0000235	macrophage
MacroMap	macrophage	MBP_24	CL_0000235	macrophage
MacroMap	macrophage	MBP_6	CL_0000235	macrophage
MacroMap	macrophage	P3C_24	CL_0000235	macrophage
MacroMap	macrophage	P3C_6	CL_0000235	macrophage
MacroMap	macrophage	PIC_24	CL_0000235	macrophage
MacroMap	macrophage	PIC_6	CL_0000235	macrophage
MacroMap	macrophage	Prec_D0	CL_0000235	macrophage
MacroMap	macrophage	Prec_D2	CL_0000235	macrophage
MacroMap	macrophage	R848_24	CL_0000235	macrophage
MacroMap	macrophage	R848_6	CL_0000235	macrophage
MacroMap	macrophage	sLPS_24	CL_0000235	macrophage
MacroMap	macrophage	sLPS_6	CL_0000235	macrophage
