study_id	dataset_id	study_label	sample_group	tissue_id	tissue_label	condition_label	sample_size	quant_method	pmid	study_type
QTS000036	QTD000585	Randolph_2021	B_NI	CL_0000236	B cell	naive	89	ge	34822289	single-cell
QTS000036	QTD000586	Randolph_2021	B_flu	CL_0000236	B cell	Influenza_6h	89	ge	34822289	single-cell
QTS000036	QTD000587	Randolph_2021	CD4_T_NI	CL_0000624	CD4+ T cell	naive	89	ge	34822289	single-cell
QTS000036	QTD000588	Randolph_2021	CD4_T_flu	CL_0000624	CD4+ T cell	Influenza_6h	89	ge	34822289	single-cell
QTS000036	QTD000589	Randolph_2021	CD8_T_NI	CL_0000625	CD8+ T cell	naive	89	ge	34822289	single-cell
QTS000036	QTD000590	Randolph_2021	CD8_T_flu	CL_0000625	CD8+ T cell	Influenza_6h	88	ge	34822289	single-cell
QTS000036	QTD000591	Randolph_2021	NK_NI	CL_0000623	NK cell	naive	85	ge	34822289	single-cell
QTS000036	QTD000592	Randolph_2021	NK_flu	CL_0000623	NK cell	Influenza_6h	83	ge	34822289	single-cell
QTS000036	QTD000593	Randolph_2021	highly_infected_flu	CL_0002057	monocyte	Influenza_6h	52	ge	34822289	single-cell
QTS000036	QTD000594	Randolph_2021	infected_monocytes_flu	CL_0002057	monocyte	Influenza_6h	78	ge	34822289	single-cell
QTS000036	QTD000595	Randolph_2021	monocytes_NI	CL_0002057	monocyte	naive	87	ge	34822289	single-cell
QTS000036	QTD000596	Randolph_2021	monocytes_flu	CL_0002057	monocyte	Influenza_6h	84	ge	34822289	single-cell
QTS000037	QTD000597	Perez_2022	B	CL_0000236	B cell	naive	163	ge	35389781	single-cell
QTS000037	QTD000598	Perez_2022	NK	CL_0000623	NK cell	naive	162	ge	35389781	single-cell
QTS000037	QTD000599	Perez_2022	Prolif	CL_0000623	NK cell	naive	105	ge	35389781	single-cell
QTS000037	QTD000600	Perez_2022	T4	CL_0000624	CD4+ T cell	naive	165	ge	35389781	single-cell
QTS000037	QTD000601	Perez_2022	T8	CL_0000625	CD8+ T cell	naive	165	ge	35389781	single-cell
QTS000037	QTD000602	Perez_2022	cDC	CL_0000451	dendritic cell	naive	157	ge	35389781	single-cell
QTS000037	QTD000603	Perez_2022	cM	CL_0002057	monocyte	naive	165	ge	35389781	single-cell
QTS000037	QTD000604	Perez_2022	ncM	CL_0002396	CD16+ monocyte	naive	162	ge	35389781	single-cell
QTS000038	QTD000606	OneK1K	B_intermediate	CL_0000236	B cell	naive	618	ge	35389779	single-cell
QTS000038	QTD000607	OneK1K	B_memory	CL_0000787	memory B cell	naive	726	ge	35389779	single-cell
QTS000038	QTD000608	OneK1K	B_naive	CL_0000236	B cell	naive	876	ge	35389779	single-cell
QTS000038	QTD000609	OneK1K	CD14_Mono	CL_0002057	monocyte	naive	560	ge	35389779	single-cell
QTS000038	QTD000610	OneK1K	CD16_Mono	CL_0002396	CD16+ monocyte	naive	373	ge	35389779	single-cell
QTS000038	QTD000611	OneK1K	CD4_CTL	CL_0000934	CD4+ CTL cell	naive	371	ge	35389779	single-cell
QTS000038	QTD000612	OneK1K	CD4_Naive	CL_0000624	CD4+ T cell	naive	949	ge	35389779	single-cell
QTS000038	QTD000613	OneK1K	CD4_TCM	CL_0000904	CD4+ TCM cell	naive	954	ge	35389779	single-cell
QTS000038	QTD000614	OneK1K	CD4_TEM	CL_0000905	CD4+ TEM cell	naive	782	ge	35389779	single-cell
QTS000038	QTD000615	OneK1K	CD8_Naive	CL_0000625	CD8+ T cell	naive	729	ge	35389779	single-cell
QTS000038	QTD000616	OneK1K	CD8_TCM	CL_0000907	CD8+ TCM cell	naive	457	ge	35389779	single-cell
QTS000038	QTD000617	OneK1K	CD8_TEM	CL_0000913	CD8+ TEM cell	naive	946	ge	35389779	single-cell
QTS000038	QTD000619	OneK1K	MAIT	CL_0000940	MAIT cell	naive	186	ge	35389779	single-cell
QTS000038	QTD000620	OneK1K	NK	CL_0000623	NK cell	naive	951	ge	35389779	single-cell
QTS000038	QTD000621	OneK1K	NK_CD56bright	CL_0000938	CD56+ NK cell	naive	88	ge	35389779	single-cell
QTS000038	QTD000625	OneK1K	Treg	CL_0002677	Treg memory	naive	745	ge	35389779	single-cell
QTS000038	QTD000628	OneK1K	gdT	CL_0000798	gdT cell	naive	453	ge	35389779	single-cell
QTS000039	QTD000630	Jerber_2021	NB_Naive_D11	BTO_0000930	neuroblast	naive_D11	61	ge	33664506	single-cell
QTS000039	QTD000631	Jerber_2021	U_Neur1_ROT_D52	CL_0000540	neuron	rotenone_D52	59	ge	33664506	single-cell
QTS000039	QTD000632	Jerber_2021	P_FPP_ROT_D52	UBERON_0003079	floor plate progenitor	rotenone_D52	66	ge	33664506	single-cell
QTS000039	QTD000633	Jerber_2021	DA_ROT_D52	CL_0000700	dopaminergic neuron	rotenone_D52	147	ge	33664506	single-cell
QTS000039	QTD000634	Jerber_2021	Epen1_ROT_D52	CL_0000065	ependymal cell	rotenone_D52	151	ge	33664506	single-cell
QTS000039	QTD000635	Jerber_2021	P_FPP_Naive_D30	UBERON_0003079	floor plate progenitor	naive_D30	125	ge	33664506	single-cell
QTS000039	QTD000636	Jerber_2021	U_Neur1_Naive_D30	CL_0000540	neuron	naive_D30	92	ge	33664506	single-cell
QTS000039	QTD000637	Jerber_2021	FPP_Naive_D11	UBERON_0003079	floor plate progenitor	naive_D11	151	ge	33664506	single-cell
QTS000039	QTD000638	Jerber_2021	FPP_Naive_D30	UBERON_0003079	floor plate progenitor	naive_D30	139	ge	33664506	single-cell
QTS000039	QTD000640	Jerber_2021	Astro_Naive_D52	CL_0000127	astrocyte	naive_D52	99	ge	33664506	single-cell
QTS000039	QTD000642	Jerber_2021	FPP_Naive_D52	UBERON_0003079	floor plate progenitor	naive_D52	150	ge	33664506	single-cell
QTS000039	QTD000643	Jerber_2021	Sert_Naive_D52	CL_0000850	serotonergic neuron	naive_D52	146	ge	33664506	single-cell
QTS000039	QTD000644	Jerber_2021	P_FPP_Naive_D11	UBERON_0003079	floor plate progenitor	naive_D11	150	ge	33664506	single-cell
QTS000039	QTD000645	Jerber_2021	Astro_ROT_D52	CL_0000127	astrocyte	rotenone_D52	92	ge	33664506	single-cell
QTS000039	QTD000646	Jerber_2021	FPP_ROT_D52	UBERON_0003079	floor plate progenitor	rotenone_D52	141	ge	33664506	single-cell
QTS000039	QTD000647	Jerber_2021	U_Neur3_ROT_D52	CL_0000540	neuron	rotenone_D52	56	ge	33664506	single-cell
QTS000039	QTD000648	Jerber_2021	Sert_ROT_D52	CL_0000850	serotonergic neuron	rotenone_D52	144	ge	33664506	single-cell
QTS000039	QTD000649	Jerber_2021	Epen1_Naive_D30	CL_0000065	ependymal cell	naive_D30	125	ge	33664506	single-cell
QTS000039	QTD000650	Jerber_2021	P_FPP_Naive_D52	UBERON_0003079	floor plate progenitor	naive_D52	108	ge	33664506	single-cell
QTS000039	QTD000651	Jerber_2021	Sert_Naive_D30	CL_0000850	serotonergic neuron	naive_D30	135	ge	33664506	single-cell
QTS000039	QTD000652	Jerber_2021	U_Neur1_Naive_D52	CL_0000540	neuron	naive_D52	94	ge	33664506	single-cell
QTS000039	QTD000656	Jerber_2021	U_Neur3_Naive_D52	CL_0000540	neuron	naive_D52	68	ge	33664506	single-cell
QTS000039	QTD000657	Jerber_2021	DA_Naive_D30	CL_0000700	dopaminergic neuron	naive_D30	153	ge	33664506	single-cell
QTS000039	QTD000658	Jerber_2021	Epen1_Naive_D52	CL_0000065	ependymal cell	naive_D52	156	ge	33664506	single-cell
QTS000039	QTD000659	Jerber_2021	DA_Naive_D52	CL_0000700	dopaminergic neuron	naive_D52	167	ge	33664506	single-cell
QTS000040	QTD000660	Nathan_2022	CD4+_CCR4+ICOS+_central	CL_0000624	CD4+ T cell	naive	199	ge	35545678	single-cell
QTS000040	QTD000661	Nathan_2022	CD4+_central	CL_0000624	CD4+ T cell	naive	196	ge	35545678	single-cell
QTS000040	QTD000662	Nathan_2022	CD4+_CCR5+_cytotoxic	CL_0000624	CD4+ T cell	naive	74	ge	35545678	single-cell
QTS000040	QTD000663	Nathan_2022	CD4+_CD161+_cytotoxic	CL_0000624	CD4+ T cell	naive	119	ge	35545678	single-cell
QTS000040	QTD000664	Nathan_2022	CD8+_GZMK+	CL_0000624	CD4+ T cell	naive	180	ge	35545678	single-cell
QTS000040	QTD000665	Nathan_2022	CD8+_GZMB+	CL_0000624	CD4+ T cell	naive	154	ge	35545678	single-cell
QTS000040	QTD000666	Nathan_2022	CD4+_activated	CL_0000624	CD4+ T cell	naive	147	ge	35545678	single-cell
QTS000040	QTD000667	Nathan_2022	Vd2	CL_0000624	CD4+ T cell	naive	134	ge	35545678	single-cell
QTS000040	QTD000668	Nathan_2022	CD4+_CD161+_Th2	CL_0000624	CD4+ T cell	naive	188	ge	35545678	single-cell
QTS000040	QTD000669	Nathan_2022	CD4-8+_PD-1+TIGIT+	CL_0000624	CD4+ T cell	naive	151	ge	35545678	single-cell
QTS000040	QTD000671	Nathan_2022	CD8+_central	CL_0000624	CD4+ T cell	naive	126	ge	35545678	single-cell
QTS000040	QTD000672	Nathan_2022	CD4+_CD161+_Th1	CL_0000624	CD4+ T cell	naive	189	ge	35545678	single-cell
QTS000040	QTD000673	Nathan_2022	CD4+_Th17-1	CL_0000624	CD4+ T cell	naive	201	ge	35545678	single-cell
QTS000040	QTD000674	Nathan_2022	CD4+_HLA-DR+	CL_0000624	CD4+ T cell	naive	153	ge	35545678	single-cell
QTS000040	QTD000675	Nathan_2022	CD4+_CCR4+_central	CL_0000624	CD4+ T cell	naive	197	ge	35545678	single-cell
QTS000040	QTD000676	Nathan_2022	CD8+_CXCR3+	CL_0000624	CD4+ T cell	naive	99	ge	35545678	single-cell
QTS000040	QTD000677	Nathan_2022	CD4+_Th2	CL_0000624	CD4+ T cell	naive	200	ge	35545678	single-cell
QTS000040	QTD000678	Nathan_2022	CD4+_CCR4+	CL_0000624	CD4+ T cell	naive	196	ge	35545678	single-cell
QTS000040	QTD000679	Nathan_2022	CD4+_CD38+ICOS+_central	CL_0000624	CD4+ T cell	naive	133	ge	35545678	single-cell
QTS000040	QTD000680	Nathan_2022	CD4+_cytotoxic	CL_0000624	CD4+ T cell	naive	174	ge	35545678	single-cell
QTS000040	QTD000681	Nathan_2022	CD4+_CD27+CD161+	CL_0000624	CD4+ T cell	naive	197	ge	35545678	single-cell
QTS000040	QTD000682	Nathan_2022	CD4+_RORC+_Treg	CL_0000624	CD4+ T cell	naive	62	ge	35545678	single-cell
QTS000040	QTD000683	Nathan_2022	CD4+_Th1	CL_0000624	CD4+ T cell	naive	203	ge	35545678	single-cell
QTS000040	QTD000684	Nathan_2022	CD8+_activated	CL_0000624	CD4+ T cell	naive	42	ge	35545678	single-cell
QTS000040	QTD000685	Nathan_2022	CD4+_CD27+	CL_0000624	CD4+ T cell	naive	197	ge	35545678	single-cell
QTS000040	QTD000686	Nathan_2022	CD4+_lncRNA	CL_0000624	CD4+ T cell	naive	202	ge	35545678	single-cell
QTS000040	QTD000687	Nathan_2022	CD4+_Treg	CL_0000624	CD4+ T cell	naive	195	ge	35545678	single-cell
QTS000040	QTD000688	Nathan_2022	CD4+_Th17	CL_0000624	CD4+ T cell	naive	193	ge	35545678	single-cell
QTS000041	QTD000689	Cytoimmgen	combined_CD4_Naive_UNS_16H	CL_0000624	CD4+ T cell	naive	105	ge	35618845	single-cell
QTS000041	QTD000690	Cytoimmgen	combined_CD4_Naive_STIM_40H	CL_0000624	CD4+ T cell	anti-CD3-CD28_40h	94	ge	35618845	single-cell
QTS000041	QTD000691	Cytoimmgen	combined_CD4_Memory_STIM_40H	CL_0000897	CD4+ memory T cell	anti-CD3-CD28_40h	93	ge	35618845	single-cell
QTS000041	QTD000692	Cytoimmgen	combined_CD4_Memory_STIM_5D	CL_0000897	CD4+ memory T cell	anti-CD3-CD28_5D	93	ge	35618845	single-cell
QTS000041	QTD000693	Cytoimmgen	combined_CD4_Naive_STIM_16H	CL_0000624	CD4+ T cell	anti-CD3-CD28_16h	99	ge	35618845	single-cell
QTS000041	QTD000694	Cytoimmgen	combined_CD4_Memory_UNS_16H	CL_0000897	CD4+ memory T cell	naive	106	ge	35618845	single-cell
QTS000041	QTD000695	Cytoimmgen	combined_CD4_Memory_STIM_16H	CL_0000897	CD4+ memory T cell	anti-CD3-CD28_16h	95	ge	35618845	single-cell
QTS000041	QTD000696	Cytoimmgen	combined_CD4_Naive_STIM_5D	CL_0000624	CD4+ T cell	anti-CD3-CD28_5D	88	ge	35618845	single-cell
QTS000041	QTD000697	Cytoimmgen	TN1_UNS_16H	CL_0000624	CD4+ T cell	naive	106	ge	35618845	single-cell
QTS000041	QTD000698	Cytoimmgen	TEM_STIM_16H	CL_0000624	CD4+ T cell	anti-CD3-CD28_16h	89	ge	35618845	single-cell
QTS000041	QTD000701	Cytoimmgen	TEM_STIM_5D	CL_0000624	CD4+ T cell	anti-CD3-CD28_5D	92	ge	35618845	single-cell
QTS000041	QTD000702	Cytoimmgen	TN2_Lowly_Active_STIM_16H	CL_0000624	CD4+ T cell	anti-CD3-CD28_16h	66	ge	35618845	single-cell
QTS000041	QTD000703	Cytoimmgen	nTreg_STIM_40H	CL_0000624	CD4+ T cell	anti-CD3-CD28_40h	90	ge	35618845	single-cell
QTS000041	QTD000704	Cytoimmgen	TEM_STIM_40H	CL_0000624	CD4+ T cell	anti-CD3-CD28_40h	90	ge	35618845	single-cell
QTS000041	QTD000706	Cytoimmgen	TN_STIM_5D	CL_0000624	CD4+ T cell	anti-CD3-CD28_5D	92	ge	35618845	single-cell
QTS000041	QTD000707	Cytoimmgen	TCM_UNS_16H	CL_0000624	CD4+ T cell	naive	106	ge	35618845	single-cell
QTS000041	QTD000708	Cytoimmgen	TCM_STIM_40H	CL_0000624	CD4+ T cell	anti-CD3-CD28_40h	91	ge	35618845	single-cell
QTS000041	QTD000709	Cytoimmgen	TEM_HLA+_STIM_40H	CL_0000624	CD4+ T cell	anti-CD3-CD28_40h	72	ge	35618845	single-cell
QTS000041	QTD000711	Cytoimmgen	TN_HSP_STIM_5D	CL_0000624	CD4+ T cell	anti-CD3-CD28_5D	80	ge	35618845	single-cell
QTS000041	QTD000712	Cytoimmgen	TN_A_STIM_16H	CL_0000624	CD4+ T cell	anti-CD3-CD28_16h	99	ge	35618845	single-cell
QTS000041	QTD000713	Cytoimmgen	T_NFKB_STIM_16H	CL_0000624	CD4+ T cell	anti-CD3-CD28_16h	96	ge	35618845	single-cell
QTS000041	QTD000714	Cytoimmgen	TN3_UNS_16H	CL_0000624	CD4+ T cell	naive	105	ge	35618845	single-cell
QTS000041	QTD000715	Cytoimmgen	TCM1_Lowly_Active_STIM_16H	CL_0000624	CD4+ T cell	anti-CD3-CD28_16h	71	ge	35618845	single-cell
QTS000041	QTD000716	Cytoimmgen	TCM_STIM_5D	CL_0000624	CD4+ T cell	anti-CD3-CD28_5D	94	ge	35618845	single-cell
QTS000041	QTD000717	Cytoimmgen	TN_NFKB_STIM_5D	CL_0000624	CD4+ T cell	anti-CD3-CD28_5D	93	ge	35618845	single-cell
QTS000041	QTD000718	Cytoimmgen	TN_B_STIM_16H	CL_0000624	CD4+ T cell	anti-CD3-CD28_16h	97	ge	35618845	single-cell
QTS000041	QTD000720	Cytoimmgen	TN2_UNS_16H	CL_0000624	CD4+ T cell	naive	106	ge	35618845	single-cell
QTS000041	QTD000721	Cytoimmgen	nTreg_STIM_16H	CL_0000624	CD4+ T cell	anti-CD3-CD28_16h	80	ge	35618845	single-cell
QTS000041	QTD000723	Cytoimmgen	TN2_STIM_16H	CL_0000624	CD4+ T cell	anti-CD3-CD28_16h	97	ge	35618845	single-cell
QTS000041	QTD000724	Cytoimmgen	TEM_Lowly_Active_STIM_40H	CL_0000624	CD4+ T cell	anti-CD3-CD28_40h	57	ge	35618845	single-cell
QTS000041	QTD000726	Cytoimmgen	TCM_STIM_16H	CL_0000624	CD4+ T cell	anti-CD3-CD28_16h	99	ge	35618845	single-cell
QTS000041	QTD000727	Cytoimmgen	TN_cycling_STIM_5D	CL_0000624	CD4+ T cell	anti-CD3-CD28_5D	93	ge	35618845	single-cell
QTS000041	QTD000728	Cytoimmgen	TN_IFN_STIM_5D	CL_0000624	CD4+ T cell	anti-CD3-CD28_5D	90	ge	35618845	single-cell
QTS000041	QTD000729	Cytoimmgen	TM_cycling_STIM_5D	CL_0000624	CD4+ T cell	anti-CD3-CD28_5D	70	ge	35618845	single-cell
QTS000041	QTD000730	Cytoimmgen	TEM_HLA+_STIM_5D	CL_0000624	CD4+ T cell	anti-CD3-CD28_5D	79	ge	35618845	single-cell
QTS000041	QTD000732	Cytoimmgen	TM_ER-stress_STIM_40H	CL_0000624	CD4+ T cell	anti-CD3-CD28_40h	61	ge	35618845	single-cell
QTS000041	QTD000733	Cytoimmgen	TN1_STIM_40H	CL_0000624	CD4+ T cell	anti-CD3-CD28_40h	95	ge	35618845	single-cell
QTS000041	QTD000734	Cytoimmgen	TEM_UNS_16H	CL_0000624	CD4+ T cell	naive	106	ge	35618845	single-cell
QTS000041	QTD000735	Cytoimmgen	TN2_STIM_40H	CL_0000624	CD4+ T cell	anti-CD3-CD28_40h	93	ge	35618845	single-cell
QTS000041	QTD000737	Cytoimmgen	TN_IFN_STIM_40H	CL_0000624	CD4+ T cell	anti-CD3-CD28_40h	93	ge	35618845	single-cell
QTS000041	QTD000738	Cytoimmgen	TN_cycling_STIM_40H	CL_0000624	CD4+ T cell	anti-CD3-CD28_40h	86	ge	35618845	single-cell
QTS000041	QTD000741	Cytoimmgen	TN_C_STIM_16H	CL_0000624	CD4+ T cell	anti-CD3-CD28_16h	99	ge	35618845	single-cell
QTS000041	QTD000742	Cytoimmgen	TEM_Lowly_Active_STIM_16H	CL_0000624	CD4+ T cell	anti-CD3-CD28_16h	83	ge	35618845	single-cell
QTS000041	QTD000743	Cytoimmgen	T_ER-stress_STIM_5D	CL_0000624	CD4+ T cell	anti-CD3-CD28_5D	93	ge	35618845	single-cell
QTS000041	QTD000744	Cytoimmgen	TCM2_Lowly_Active_STIM_40H	CL_0000624	CD4+ T cell	anti-CD3-CD28_40h	62	ge	35618845	single-cell
QTS000041	QTD000747	Cytoimmgen	nTreg_UNS_16H	CL_0000624	CD4+ T cell	naive	93	ge	35618845	single-cell
QTS000041	QTD000749	Cytoimmgen	TN-TCM_CXCR4+_STIM_40H	CL_0000624	CD4+ T cell	anti-CD3-CD28_40h	64	ge	35618845	single-cell
QTS000041	QTD000751	Cytoimmgen	TN1_Lowly_Active_STIM_16H	CL_0000624	CD4+ T cell	anti-CD3-CD28_16h	84	ge	35618845	single-cell
QTS000046	QTD000841	Randolph_2021_reannotated	Alveolar_macrophages_NI	CL_0000583	alveolar macrophage	naive	65	ge	34822289	single-cell
QTS000046	QTD000842	Randolph_2021_reannotated	CD16+_NK_cells_NI	CL_0000623	NK cell	naive	56	ge	34822289	single-cell
QTS000046	QTD000843	Randolph_2021_reannotated	CD16+_NK_cells_flu	CL_0000623	NK cell	Influenza_6h	60	ge	34822289	single-cell
QTS000046	QTD000844	Randolph_2021_reannotated	Classical_monocytes_NI	CL_0000860	classical monocyte	naive	71	ge	34822289	single-cell
QTS000046	QTD000845	Randolph_2021_reannotated	Intermediate_macrophages_flu	CL_0000235	macrophage	Influenza_6h	83	ge	34822289	single-cell
QTS000046	QTD000846	Randolph_2021_reannotated	MAIT_cells_NI	CL_0000940	MAIT cell	naive	55	ge	34822289	single-cell
QTS000046	QTD000847	Randolph_2021_reannotated	Memory_B_cells_NI	CL_0000787	memory B cell	naive	79	ge	34822289	single-cell
QTS000046	QTD000848	Randolph_2021_reannotated	Memory_B_cells_flu	CL_0000787	memory B cell	Influenza_6h	57	ge	34822289	single-cell
QTS000046	QTD000849	Randolph_2021_reannotated	Naive_B_cells_NI	CL_0000788	naive B cell	naive	81	ge	34822289	single-cell
QTS000046	QTD000850	Randolph_2021_reannotated	Naive_B_cells_flu	CL_0000788	naive B cell	Influenza_6h	82	ge	34822289	single-cell
QTS000046	QTD000851	Randolph_2021_reannotated	Regulatory_T_cells_NI	CL_0000815	regulatory T cell	naive	70	ge	34822289	single-cell
QTS000046	QTD000852	Randolph_2021_reannotated	Regulatory_T_cells_flu	CL_0000815	regulatory T cell	Influenza_6h	79	ge	34822289	single-cell
QTS000046	QTD000853	Randolph_2021_reannotated	Tcm_Naive_cytotoxic_T_cells_NI	CL_0000907	CD8+ TCM cell	naive	88	ge	34822289	single-cell
QTS000046	QTD000854	Randolph_2021_reannotated	Tcm_Naive_cytotoxic_T_cells_flu	CL_0000907	CD8+ TCM cell	Influenza_6h	72	ge	34822289	single-cell
QTS000046	QTD000855	Randolph_2021_reannotated	Tcm_Naive_helper_T_cells_NI	CL_0000904	CD4+ TCM cell	naive	89	ge	34822289	single-cell
QTS000046	QTD000856	Randolph_2021_reannotated	Tcm_Naive_helper_T_cells_flu	CL_0000904	CD4+ TCM cell	Influenza_6h	89	ge	34822289	single-cell
QTS000046	QTD000857	Randolph_2021_reannotated	Tem_Effector_helper_T_cells_NI	CL_0000905	CD4+ TEM cell	naive	89	ge	34822289	single-cell
QTS000046	QTD000858	Randolph_2021_reannotated	Tem_Effector_helper_T_cells_flu	CL_0000905	CD4+ TEM cell	Influenza_6h	89	ge	34822289	single-cell
QTS000046	QTD000859	Randolph_2021_reannotated	Tem_Temra_cytotoxic_T_cells_NI	CL_0001062	Tem/Temra cytotoxic T cell	naive	72	ge	34822289	single-cell
QTS000046	QTD000860	Randolph_2021_reannotated	Tem_Temra_cytotoxic_T_cells_flu	CL_0001062	Tem/Temra cytotoxic T cell	Influenza_6h	59	ge	34822289	single-cell
QTS000046	QTD000861	Randolph_2021_reannotated	Tem_Trm_cytotoxic_T_cells_NI	CL_0000913	CD8+ TEM cell	naive	87	ge	34822289	single-cell
QTS000046	QTD000862	Randolph_2021_reannotated	Tem_Trm_cytotoxic_T_cells_flu	CL_0000913	CD8+ TEM cell	Influenza_6h	75	ge	34822289	single-cell
QTS000047	QTD000863	Perez_2022_reannotated	Age-associated_B_cells	CL_0000787	memory B cell	naive	78	ge	35389781	single-cell
QTS000047	QTD000864	Perez_2022_reannotated	CD16+_NK_cells	CL_0000623	NK cell	naive	156	ge	35389781	single-cell
QTS000047	QTD000865	Perez_2022_reannotated	CD16-_NK_cells	CL_0000623	NK cell	naive	72	ge	35389781	single-cell
QTS000047	QTD000866	Perez_2022_reannotated	Classical_monocytes	CL_0000860	classical monocyte	naive	155	ge	35389781	single-cell
QTS000047	QTD000867	Perez_2022_reannotated	DC2	CL_0000990	conventional dendritic cell	naive	142	ge	35389781	single-cell
QTS000047	QTD000868	Perez_2022_reannotated	MAIT_cells	CL_0000940	MAIT cell	naive	96	ge	35389781	single-cell
QTS000047	QTD000869	Perez_2022_reannotated	Megakaryocytes_platelets	CL_0000556	megakaryocyte	naive	72	ge	35389781	single-cell
QTS000047	QTD000870	Perez_2022_reannotated	Memory_B_cells	CL_0000787	memory B cell	naive	147	ge	35389781	single-cell
QTS000047	QTD000871	Perez_2022_reannotated	NK_cells	CL_0000623	NK cell	naive	119	ge	35389781	single-cell
QTS000047	QTD000872	Perez_2022_reannotated	Naive_B_cells	CL_0000788	naive B cell	naive	146	ge	35389781	single-cell
QTS000047	QTD000873	Perez_2022_reannotated	Non-classical_monocytes	CL_0000875	non-classical monocyte	naive	152	ge	35389781	single-cell
QTS000047	QTD000874	Perez_2022_reannotated	Regulatory_T_cells	CL_0000815	regulatory T cell	naive	142	ge	35389781	single-cell
QTS000047	QTD000875	Perez_2022_reannotated	Tcm_Naive_cytotoxic_T_cells	CL_0000907	CD8+ TCM cell	naive	153	ge	35389781	single-cell
QTS000047	QTD000876	Perez_2022_reannotated	Tcm_Naive_helper_T_cells	CL_0000904	CD4+ TCM cell	naive	157	ge	35389781	single-cell
QTS000047	QTD000877	Perez_2022_reannotated	Tem_Effector_helper_T_cells	CL_0000905	CD4+ TEM cell	naive	151	ge	35389781	single-cell
QTS000047	QTD000878	Perez_2022_reannotated	Tem_Temra_cytotoxic_T_cells	CL_0001062	Tem/Temra cytotoxic T cell	naive	148	ge	35389781	single-cell
QTS000047	QTD000879	Perez_2022_reannotated	Tem_Trm_cytotoxic_T_cells	CL_0000913	CD8+ TEM cell	naive	154	ge	35389781	single-cell
QTS000048	QTD000880	OneK1K_reannotated	Age-associated_B_cells	CL_0000787	memory B cell	naive	132	ge	35389779	single-cell
QTS000048	QTD000881	OneK1K_reannotated	CD16+_NK_cells	CL_0000623	NK cell	naive	991	ge	35389779	single-cell
QTS000048	QTD000882	OneK1K_reannotated	CD16-_NK_cells	CL_0000623	NK cell	naive	128	ge	35389779	single-cell
QTS000048	QTD000883	OneK1K_reannotated	Classical_monocytes	CL_0000860	classical monocyte	naive	596	ge	35389779	single-cell
QTS000048	QTD000884	OneK1K_reannotated	MAIT_cells	CL_0000940	MAIT cell	naive	393	ge	35389779	single-cell
QTS000048	QTD000885	OneK1K_reannotated	Memory_B_cells	CL_0000787	memory B cell	naive	849	ge	35389779	single-cell
QTS000048	QTD000886	OneK1K_reannotated	NK_cells	CL_0000623	NK cell	naive	89	ge	35389779	single-cell
QTS000048	QTD000887	OneK1K_reannotated	Naive_B_cells	CL_0000788	naive B cell	naive	889	ge	35389779	single-cell
QTS000048	QTD000888	OneK1K_reannotated	Non-classical_monocytes	CL_0000875	non-classical monocyte	naive	367	ge	35389779	single-cell
QTS000048	QTD000889	OneK1K_reannotated	Regulatory_T_cells	CL_0000815	regulatory T cell	naive	528	ge	35389779	single-cell
QTS000048	QTD000890	OneK1K_reannotated	Tcm_Naive_cytotoxic_T_cells	CL_0000907	CD8+ TCM cell	naive	720	ge	35389779	single-cell
QTS000048	QTD000891	OneK1K_reannotated	Tcm_Naive_helper_T_cells	CL_0000904	CD4+ TCM cell	naive	997	ge	35389779	single-cell
QTS000048	QTD000892	OneK1K_reannotated	Tem_Effector_helper_T_cells	CL_0000905	CD4+ TEM cell	naive	653	ge	35389779	single-cell
QTS000048	QTD000893	OneK1K_reannotated	Tem_Temra_cytotoxic_T_cells	CL_0001062	Tem/Temra cytotoxic T cell	naive	934	ge	35389779	single-cell
QTS000048	QTD000894	OneK1K_reannotated	Tem_Trm_cytotoxic_T_cells	CL_0000913	CD8+ TEM cell	naive	905	ge	35389779	single-cell
QTS000049	QTD000895	Nathan_2022_reannotated	MAIT_cells	CL_0000940	MAIT cell	naive	111	ge	35545678	single-cell
QTS000049	QTD000896	Nathan_2022_reannotated	Megakaryocyte_precursor	CL_0000553	megakaryocyte progenitor cell	naive	64	ge	35545678	single-cell
QTS000049	QTD000897	Nathan_2022_reannotated	Regulatory_T_cells	CL_0000815	regulatory T cell	naive	195	ge	35545678	single-cell
QTS000049	QTD000898	Nathan_2022_reannotated	Tcm_Naive_helper_T_cells	CL_0000904	CD4+ TCM cell	naive	205	ge	35545678	single-cell
QTS000049	QTD000899	Nathan_2022_reannotated	Tem_Effector_helper_T_cells	CL_0000905	CD4+ TEM cell	naive	199	ge	35545678	single-cell
QTS000049	QTD000900	Nathan_2022_reannotated	Tem_Temra_cytotoxic_T_cells	CL_0001062	Tem/Temra cytotoxic T cell	naive	193	ge	35545678	single-cell
QTS000049	QTD000901	Nathan_2022_reannotated	Tem_Trm_cytotoxic_T_cells	CL_0000913	CD8+ TEM cell	naive	196	ge	35545678	single-cell
QTS000050	QTD000902	Cytoimmgen_reannotated	Cycling_T_cells_STIM_40H	CL_0000084	T cell	anti-CD3-CD28_40H	94	ge	35618845	single-cell
QTS000050	QTD000903	Cytoimmgen_reannotated	Cycling_T_cells_STIM_5D	CL_0000084	T cell	anti-CD3-CD28_5D	91	ge	35618845	single-cell
QTS000050	QTD000904	Cytoimmgen_reannotated	Regulatory_T_cells_STIM_16H	CL_0000815	regulatory T cell	anti-CD3-CD28_16H	97	ge	35618845	single-cell
QTS000050	QTD000905	Cytoimmgen_reannotated	Regulatory_T_cells_STIM_40H	CL_0000815	regulatory T cell	anti-CD3-CD28_40H	95	ge	35618845	single-cell
QTS000050	QTD000906	Cytoimmgen_reannotated	Regulatory_T_cells_STIM_5D	CL_0000815	regulatory T cell	anti-CD3-CD28_5D	94	ge	35618845	single-cell
QTS000050	QTD000907	Cytoimmgen_reannotated	Regulatory_T_cells_UNS_16H	CL_0000815	regulatory T cell	naive_16H	96	ge	35618845	single-cell
QTS000050	QTD000908	Cytoimmgen_reannotated	T_agonist__STIM_16H	CL_0000815	regulatory T cell	anti-CD3-CD28_16H	100	ge	35618845	single-cell
QTS000050	QTD000909	Cytoimmgen_reannotated	T_agonist__STIM_40H	CL_0000815	regulatory T cell	anti-CD3-CD28_40H	94	ge	35618845	single-cell
QTS000050	QTD000910	Cytoimmgen_reannotated	T_agonist__STIM_5D	CL_0000815	regulatory T cell	anti-CD3-CD28_5D	59	ge	35618845	single-cell
QTS000050	QTD000911	Cytoimmgen_reannotated	Tcm_Naive_helper_T_cells_STIM_16H	CL_0000904	CD4+ TCM cell	anti-CD3-CD28_16H	99	ge	35618845	single-cell
QTS000050	QTD000912	Cytoimmgen_reannotated	Tcm_Naive_helper_T_cells_STIM_40H	CL_0000904	CD4+ TCM cell	anti-CD3-CD28_40H	84	ge	35618845	single-cell
QTS000050	QTD000913	Cytoimmgen_reannotated	Tcm_Naive_helper_T_cells_STIM_5D	CL_0000904	CD4+ TCM cell	anti-CD3-CD28_5D	84	ge	35618845	single-cell
QTS000050	QTD000914	Cytoimmgen_reannotated	Tcm_Naive_helper_T_cells_UNS_16H	CL_0000904	CD4+ TCM cell	naive_16H	106	ge	35618845	single-cell
QTS000050	QTD000915	Cytoimmgen_reannotated	Tem_Effector_helper_T_cells_STIM_16H	CL_0000905	CD4+ TEM cell	anti-CD3-CD28_16H	59	ge	35618845	single-cell
QTS000050	QTD000916	Cytoimmgen_reannotated	Tem_Effector_helper_T_cells_UNS_16H	CL_0000905	CD4+ TEM cell	naive_16H	93	ge	35618845	single-cell
QTS000053	QTD001000	INTERVAL_RNA	blood	UBERON_0000178	blood	naive	4729	ge	40038547	bulk
QTS000053	QTD001001	INTERVAL_RNA	blood	UBERON_0000178	blood	naive	4729	leafcutter	40038547	bulk
QTS000053	QTD001002	INTERVAL_RNA	blood	UBERON_0000178	blood	naive	4729	majiq	40038547	bulk
QTS000054	QTD001003	INTERVAL_RNA_WGS	blood	UBERON_0000178	blood	naive	2892	ge	40038547	bulk
QTS000054	QTD001004	INTERVAL_RNA_WGS	blood	UBERON_0000178	blood	naive	2892	leafcutter	40038547	bulk
QTS000054	QTD001005	INTERVAL_RNA_WGS	blood	UBERON_0000178	blood	naive	2892	majiq	40038547	bulk